Raw value,Corresponding cumulative value,Corresponding logistic value,Fractional area,Training omission,Test omission
7.88753E-13,0.000000001,0.000000003,0.99294445,0,0
1.47948E-12,0.000000003,0.000000006,0.991652589,0,0
3.87794E-12,0.00000001,0.000000016,0.988969492,0,0
9.35472E-12,0.000000025,0.000000037,0.986882639,0,0
2.56344E-11,0.000000102,0.000000103,0.982311438,0,0
6.28786E-11,0.000000256,0.000000252,0.978932724,0,0
1.95662E-10,0.000001005,0.000000784,0.972572791,0,0
4.13172E-10,0.000002527,0.000001656,0.967405346,0,0
1.53359E-9,0.000010128,0.000006148,0.958362317,0,0
3.19283E-9,0.000025158,0.000012799,0.951704263,0,0
5.62969E-9,0.000050516,0.000022567,0.945940574,0,0
1.06325E-8,0.000100865,0.00004262,0.939978138,0,0
2.25096E-8,0.000251059,0.000090224,0.930736361,0,0
4.10922E-8,0.000502789,0.000164696,0.922587698,0,0
6.89981E-8,0.001001842,0.00027651,0.913544669,0,0
1.1994E-7,0.00250026,0.000480562,0.897942959,0,0
1.78101E-7,0.005007066,0.000713427,0.880950015,0,0
2.88825E-7,0.010022866,0.001156447,0.859187121,0,0
5.42912E-7,0.025000585,0.002171598,0.822220014,0,0
8.75022E-7,0.050056478,0.003495363,0.786544768,0,0
1.56848E-6,0.100032689,0.006248124,0.744807711,0,0
2.88656E-6,0.200024896,0.011438746,0.699691941,0,0
3.9246E-6,0.30017589,0.015488519,0.670476001,0,0
4.89626E-6,0.40034048,0.01924939,0.647818742,0,0
5.95478E-6,0.500375652,0.023313893,0.629335188,0,0
7.05886E-6,0.60062427,0.027517573,0.614130975,0,0
8.03181E-6,0.700097339,0.031192133,0.601013614,0,0
8.47972E-6,0.750262536,0.03287443,0.594951804,0,0
9.06971E-6,0.800073892,0.035081473,0.589287489,0,0
1.01236E-5,0.900999123,0.038999074,0.578853225,0,0
1.10681E-5,1.000584589,0.042482929,0.569512074,0,0
1.20658E-5,1.101158597,0.046135764,0.560866541,0,0
1.31308E-5,1.200396885,0.050004116,0.553015999,0,0
1.3947E-5,1.300334394,0.052947869,0.545662327,0,0
1.50059E-5,1.401486567,0.056739661,0.538706151,0,0
1.59514E-5,1.500303572,0.060100093,0.532346219,0,0
1.80503E-5,1.750664877,0.067474553,0.517738249,0,0
1.99566E-5,2.000617908,0.074072585,0.504620888,0,0
2.26023E-5,2.251751822,0.083076686,0.492894763,0,0
2.52074E-5,2.501084675,0.091773155,0.482559873,0,0
2.75384E-5,2.752169406,0.099416168,0.473119348,0,0
2.94E-5,3.002756579,0.10542809,0.464374441,0,0
3.15124E-5,3.251349061,0.112153527,0.456225778,0,0
3.31288E-5,3.500465715,0.117232092,0.448573984,0,0
3.51484E-5,3.75317379,0.123496196,0.441220312,0,0
3.75582E-5,4.003498042,0.130855217,0.43436351,0,0
3.93739E-5,4.252794364,0.136318872,0.427904204,0,0
4.12187E-5,4.50327474,0.141800241,0.421743019,0,0
4.33388E-5,4.753124387,0.148013999,0.415879956,0,0
4.50619E-5,5.000749131,0.152998557,0.410315015,0,0
4.71667E-5,5.254210889,0.159008761,0.404849448,0,0
4.88528E-5,5.503744074,0.163761934,0.399682003,0,0
5.07237E-5,5.752619284,0.168973803,0.394713306,0.015873016,0
5.29321E-5,6.001531292,0.175042803,0.389943357,0.015873016,0
5.43761E-5,6.253716393,0.17896342,0.385272781,0.015873016,0
5.64474E-5,6.503268371,0.184522554,0.380800954,0.015873016,0
5.80921E-5,6.755766782,0.188883636,0.3764285,0.015873016,0
6.05741E-5,7.005064646,0.195376847,0.372254795,0.031746032,0
6.21931E-5,7.250788852,0.199556905,0.368279837,0.031746032,0
6.4158E-5,7.503374784,0.204571725,0.364304879,0.031746032,0
6.58309E-5,7.750282357,0.208792249,0.360528669,0.031746032,0
6.79516E-5,8.003998482,0.21407831,0.35675246,0.031746032,0
7.0258E-5,8.252260316,0.21974779,0.353174998,0.047619048,0
7.1521E-5,8.500066918,0.222818096,0.349696909,0.063492063,0
7.3969E-5,8.75502109,0.228700278,0.346218821,0.063492063,0
7.61756E-5,9.002395773,0.233926945,0.342939481,0.063492063,0
7.81712E-5,9.256520933,0.238592929,0.339660141,0.063492063,0
7.97524E-5,9.501316015,0.242249984,0.336579549,0.079365079,0
8.19314E-5,9.751107273,0.247232368,0.333498957,0.079365079,0
8.42623E-5,10.000213389,0.252489939,0.330517738,0.079365079,0
8.63742E-5,10.256708951,0.257190658,0.32753652,0.079365079,0
8.81076E-5,10.501182009,0.261005078,0.324754049,0.079365079,0
9.02367E-5,10.750607866,0.265636805,0.321971579,0.079365079,0
9.196E-5,11.005705737,0.269343402,0.319189109,0.079365079,0
9.39064E-5,11.257081287,0.273484997,0.316506012,0.079365079,0
9.54709E-5,11.503733801,0.276780394,0.31392229,0.079365079,0
9.70068E-5,11.754141662,0.279986296,0.311338567,0.079365079,0
9.85748E-5,12.008563649,0.283230162,0.308754844,0.079365079,0
9.99877E-5,12.257173953,0.286128252,0.306270496,0.079365079,0
1.01372E-4,12.508916479,0.288944222,0.303786147,0.079365079,0
1.03554E-4,12.755135317,0.293339986,0.301401173,0.079365079,0
1.04983E-4,13.005440575,0.296189181,0.299016198,0.079365079,0.142857143
1.06627E-4,13.259634613,0.299438436,0.296631223,0.079365079,0.142857143
1.08898E-4,13.507092886,0.303878088,0.294345623,0.079365079,0.142857143
1.10467E-4,13.759515283,0.306913445,0.292060022,0.079365079,0.142857143
1.1219E-4,14.004487259,0.310213567,0.289873795,0.079365079,0.142857143
1.13639E-4,14.253103792,0.312968065,0.287687568,0.079365079,0.142857143
1.15459E-4,14.50521677,0.316394264,0.285501342,0.079365079,0.142857143
1.17251E-4,14.761336992,0.319733691,0.283315115,0.079365079,0.142857143
1.18991E-4,15.009412123,0.322945949,0.281228262,0.079365079,0.142857143
1.20892E-4,15.261805322,0.326422093,0.279141409,0.079365079,0.142857143
1.22362E-4,15.505244995,0.329084525,0.27715393,0.079365079,0.142857143
1.23788E-4,15.751339718,0.331649038,0.275166451,0.079365079,0.142857143
1.25263E-4,16.000716443,0.334279831,0.273178972,0.079365079,0.142857143
1.27155E-4,16.253500422,0.337623984,0.271191494,0.095238095,0.142857143
1.29162E-4,16.509918513,0.341134842,0.269204015,0.111111111,0.142857143
1.30791E-4,16.756982715,0.343957415,0.26731591,0.111111111,0.142857143
1.32367E-4,17.007173224,0.346664271,0.265427805,0.111111111,0.142857143
1.33955E-4,17.260094447,0.349370627,0.2635397,0.111111111,0.142857143
1.35329E-4,17.50250086,0.351694352,0.261750969,0.111111111,0.142857143
1.36594E-4,17.760655764,0.353818288,0.259862864,0.111111111,0.142857143
1.37851E-4,18.007523535,0.355915497,0.258074133,0.111111111,0.142857143
1.3954E-4,18.256749454,0.358712148,0.256285402,0.111111111,0.142857143
1.41309E-4,18.509370744,0.361614878,0.254496671,0.111111111,0.142857143
1.42395E-4,18.750422264,0.363383532,0.252807314,0.111111111,0.142857143
1.44656E-4,19.009307693,0.367035739,0.251018583,0.111111111,0.142857143
1.45629E-4,19.256025715,0.368594828,0.249329226,0.111111111,0.142857143
1.47634E-4,19.505352305,0.371783317,0.247639869,0.111111111,0.142857143
1.50033E-4,19.758103398,0.375555267,0.245950512,0.126984127,0.142857143
1.52331E-4,20.015190873,0.37912672,0.244261155,0.126984127,0.142857143
1.53475E-4,20.259738153,0.380889201,0.242671172,0.126984127,0.142857143
1.55061E-4,20.506738533,0.383317305,0.241081189,0.126984127,0.142857143
1.56439E-4,20.756310155,0.385410865,0.239491205,0.126984127,0.142857143
1.58493E-4,21.008680122,0.388505036,0.237901222,0.126984127,0.142857143
1.59847E-4,21.263509976,0.390527443,0.236311239,0.126984127,0.142857143
1.62411E-4,21.505700909,0.394322236,0.23482063,0.126984127,0.142857143
1.63835E-4,21.750409686,0.396409158,0.233330021,0.126984127,0.142857143
1.6505E-4,22.013702314,0.398177451,0.231740038,0.142857143,0.142857143
1.66172E-4,22.262100229,0.399803418,0.230249429,0.142857143,0.285714286
1.68183E-4,22.512881643,0.402693418,0.228758819,0.142857143,0.285714286
1.69268E-4,22.766151582,0.404240016,0.22726821,0.142857143,0.285714286
1.71116E-4,23.004360628,0.406858659,0.225876975,0.142857143,0.285714286
1.73258E-4,23.262796453,0.409864239,0.224386366,0.142857143,0.285714286
1.75035E-4,23.506639392,0.412334203,0.222995131,0.142857143,0.285714286
1.76243E-4,23.752345024,0.414001836,0.221603895,0.142857143,0.285714286
1.78046E-4,24.017668826,0.41647261,0.220113286,0.158730159,0.285714286
1.79736E-4,24.250244077,0.418770293,0.218821425,0.158730159,0.285714286
1.80777E-4,24.502304667,0.420176907,0.21743019,0.174603175,0.285714286
1.82378E-4,24.756472829,0.422327265,0.216038955,0.174603175,0.285714286
1.83746E-4,25.012795483,0.424150403,0.214647719,0.174603175,0.285714286
1.84684E-4,25.252389403,0.425395708,0.213355858,0.174603175,0.285714286
1.86173E-4,25.512115237,0.427359621,0.211964623,0.174603175,0.285714286
1.88286E-4,25.75563818,0.430122903,0.210672762,0.174603175,0.285714286
1.89844E-4,26.001345251,0.432144172,0.2093809,0.174603175,0.285714286
1.91114E-4,26.267954343,0.433780612,0.207989665,0.19047619,0.285714286
1.92338E-4,26.517167827,0.435349464,0.206697804,0.206349206,0.285714286
1.93813E-4,26.768336174,0.437228134,0.205405943,0.206349206,0.285714286
1.94457E-4,27.00137647,0.438044971,0.204213455,0.206349206,0.285714286
1.96085E-4,27.255164986,0.440098326,0.202921594,0.206349206,0.285714286
1.97823E-4,27.511122816,0.442273531,0.201629733,0.206349206,0.285714286
1.99217E-4,27.769373968,0.44400639,0.200337871,0.206349206,0.285714286
2.00044E-4,28.008906017,0.445029464,0.199145384,0.222222222,0.285714286
2.01777E-4,28.250000156,0.447160606,0.197952897,0.222222222,0.285714286
2.04093E-4,28.513923385,0.449984204,0.196661035,0.222222222,0.285714286
2.0526E-4,28.759684866,0.45139543,0.195468548,0.238095238,0.285714286
2.0695E-4,29.007009522,0.45342754,0.194276061,0.238095238,0.285714286
2.08505E-4,29.256117521,0.455282569,0.193083573,0.238095238,0.285714286
2.09982E-4,29.507554799,0.457034489,0.191891086,0.238095238,0.285714286
2.10995E-4,29.760305524,0.458229099,0.190698599,0.238095238,0.285714286
2.12175E-4,30.014173702,0.45961384,0.189506111,0.238095238,0.285714286
2.12945E-4,30.269220997,0.460513745,0.188313624,0.253968254,0.285714286
2.14256E-4,30.50412431,0.462038247,0.187220511,0.253968254,0.285714286
2.16013E-4,30.762380157,0.464069476,0.186028023,0.253968254,0.285714286
2.18288E-4,31.001300387,0.466675228,0.18493491,0.253968254,0.285714286
2.19767E-4,31.264224259,0.468357244,0.183742423,0.26984127,0.285714286
2.20442E-4,31.506274854,0.46912036,0.182649309,0.26984127,0.285714286
2.21875E-4,31.771919815,0.470734573,0.181456822,0.26984127,0.285714286
2.23375E-4,32.017173056,0.472413118,0.180363709,0.26984127,0.428571429
2.25235E-4,32.264027425,0.474480331,0.179270595,0.26984127,0.428571429
2.26549E-4,32.512552142,0.475931277,0.178177482,0.26984127,0.428571429
2.27619E-4,32.762424443,0.477107039,0.177084368,0.26984127,0.428571429
2.2876E-4,33.013281531,0.478353917,0.175991255,0.26984127,0.428571429
2.29542E-4,33.265352248,0.479205852,0.174898142,0.26984127,0.428571429
2.3063E-4,33.518502252,0.480386669,0.173805028,0.26984127,0.428571429
2.32229E-4,33.773072284,0.482111388,0.172711915,0.26984127,0.428571429
2.33371E-4,34.005826088,0.483335429,0.171718175,0.26984127,0.428571429
2.34434E-4,34.263065119,0.48447042,0.170625062,0.26984127,0.428571429
2.35305E-4,34.521435774,0.485397235,0.169531949,0.26984127,0.428571429
2.36218E-4,34.757284363,0.486364387,0.168538209,0.26984127,0.428571429
2.37785E-4,35.01810102,0.488016075,0.167445096,0.285714286,0.428571429
2.3959E-4,35.256988315,0.489906401,0.166451356,0.285714286,0.428571429
2.41432E-4,35.521833219,0.491819827,0.165358243,0.285714286,0.428571429
2.42255E-4,35.763774318,0.492670824,0.164364504,0.285714286,0.428571429
2.43722E-4,36.00694738,0.494179262,0.163370764,0.285714286,0.428571429
2.45838E-4,36.25188601,0.49634044,0.162377025,0.285714286,0.571428571
2.4745E-4,36.523188245,0.497974612,0.161283911,0.301587302,0.571428571
2.48389E-4,36.77108974,0.498920905,0.160290172,0.301587302,0.571428571
2.49477E-4,37.020071843,0.500013895,0.159296432,0.301587302,0.571428571
2.51027E-4,37.270566333,0.50156249,0.158302693,0.301587302,0.571428571
2.52151E-4,37.522323452,0.502678903,0.157308954,0.301587302,0.571428571
2.53069E-4,37.774923884,0.503588158,0.156315214,0.301587302,0.571428571
2.53936E-4,38.003049481,0.504443094,0.155420849,0.301587302,0.571428571
2.54689E-4,38.257387169,0.505182813,0.154427109,0.301587302,0.571428571
2.56859E-4,38.513224335,0.507303513,0.15343337,0.301587302,0.571428571
2.58335E-4,38.770853206,0.508735988,0.15243963,0.301587302,0.571428571
2.59104E-4,39.003664737,0.509478859,0.151545265,0.301587302,0.571428571
2.60648E-4,39.263457568,0.510963229,0.150551525,0.317460317,0.571428571
2.61589E-4,39.524620199,0.511863655,0.149557786,0.317460317,0.571428571
2.62968E-4,39.760648696,0.513177247,0.14866342,0.317460317,0.571428571
2.64647E-4,40.024635411,0.514767043,0.147669681,0.317460317,0.571428571
2.65962E-4,40.263482555,0.516005208,0.146775316,0.317460317,0.571428571
2.67457E-4,40.503494605,0.517405061,0.14588095,0.317460317,0.571428571
2.69252E-4,40.771921928,0.519075004,0.144887211,0.333333333,0.571428571
2.70782E-4,41.014978523,0.520489674,0.143992845,0.333333333,0.571428571
2.72064E-4,41.259471128,0.521667879,0.14309848,0.333333333,0.571428571
2.72831E-4,41.504744055,0.522370404,0.142204114,0.333333333,0.571428571
2.74874E-4,41.75130655,0.524232016,0.141309749,0.333333333,0.571428571
2.75913E-4,42.026810551,0.52517285,0.140316009,0.333333333,0.571428571
2.76699E-4,42.27552744,0.525881929,0.139421644,0.333333333,0.571428571
2.77785E-4,42.525334256,0.526858815,0.138527278,0.333333333,0.571428571
2.7943E-4,42.776273692,0.528330391,0.137632913,0.349206349,0.571428571
2.80085E-4,43.000124371,0.528913365,0.136837921,0.349206349,0.571428571
2.80953E-4,43.252557445,0.529684078,0.135943556,0.349206349,0.571428571
2.82921E-4,43.506727344,0.531422644,0.13504919,0.349206349,0.571428571
2.83745E-4,43.761766087,0.532147228,0.134154825,0.349206349,0.571428571
2.84881E-4,44.017491644,0.533141969,0.133260459,0.349206349,0.571428571
2.86597E-4,44.274733232,0.53463572,0.132366094,0.349206349,0.571428571
2.87712E-4,44.50454437,0.535601702,0.131571102,0.380952381,0.571428571
2.88902E-4,44.763934735,0.536628426,0.130676737,0.380952381,0.571428571
2.9027E-4,45.024372494,0.537802987,0.129782371,0.380952381,0.571428571
2.91178E-4,45.25695523,0.538579447,0.12898738,0.380952381,0.571428571
2.92019E-4,45.519415593,0.539295686,0.128093014,0.380952381,0.571428571
2.93294E-4,45.753443543,0.540377834,0.127298022,0.380952381,0.571428571
2.94074E-4,46.017757684,0.541037767,0.126403657,0.380952381,0.714285714
2.95095E-4,46.253357886,0.54189827,0.125608665,0.380952381,0.714285714
2.96566E-4,46.519840041,0.543132334,0.1247143,0.380952381,0.714285714
2.98678E-4,46.758186039,0.54489233,0.123919308,0.380952381,0.714285714
2.99713E-4,47.027491903,0.545750587,0.123024943,0.380952381,0.714285714
3.01778E-4,47.26799842,0.547451738,0.122229951,0.380952381,0.714285714
3.03235E-4,47.509940338,0.548645233,0.12143496,0.380952381,0.714285714
3.04797E-4,47.752954906,0.549916928,0.120639968,0.396825397,0.714285714
3.06096E-4,48.027839678,0.550969535,0.119745603,0.396825397,0.714285714
3.06782E-4,48.273022282,0.551522995,0.118950611,0.396825397,0.714285714
3.07364E-4,48.518700637,0.551991602,0.11815562,0.396825397,0.714285714
3.08224E-4,48.764952802,0.552683119,0.117360628,0.396825397,0.714285714
3.09754E-4,49.012253117,0.553906915,0.116565636,0.412698413,0.714285714
3.10323E-4,49.260351755,0.55436001,0.115770645,0.412698413,0.714285714
3.11497E-4,49.509036842,0.555292449,0.114975653,0.412698413,0.714285714
3.13307E-4,49.759049097,0.556723097,0.114180662,0.412698413,0.714285714
3.14597E-4,50.010365194,0.557737067,0.11338567,0.412698413,0.714285714
3.1556E-4,50.26243675,0.558490612,0.112590679,0.412698413,0.714285714
3.17106E-4,50.515391519,0.559695433,0.111795687,0.412698413,0.714285714
3.18057E-4,50.769485612,0.560432891,0.111000696,0.412698413,0.714285714
3.19028E-4,51.024357429,0.561183699,0.110205704,0.412698413,0.714285714
3.19857E-4,51.279996883,0.561823078,0.109410713,0.412698413,0.714285714
3.2144E-4,51.50456758,0.563038255,0.108715095,0.412698413,0.714285714
3.22008E-4,51.76191936,0.563471984,0.107920103,0.412698413,0.714285714
3.23272E-4,52.020210323,0.564435226,0.107125112,0.412698413,0.714285714
3.25299E-4,52.279677101,0.565971596,0.10633012,0.412698413,0.714285714
3.26076E-4,52.50774045,0.566557385,0.105634503,0.444444444,0.714285714
3.27081E-4,52.769026798,0.567313437,0.104839511,0.444444444,0.714285714
3.28195E-4,53.031071978,0.568147599,0.10404452,0.444444444,0.714285714
3.29549E-4,53.261357291,0.569157786,0.103348902,0.444444444,0.714285714
3.3107E-4,53.525987201,0.57028649,0.10255391,0.444444444,0.714285714
3.31731E-4,53.758076819,0.570774672,0.101858293,0.46031746,0.714285714
3.32924E-4,54.02396784,0.571654188,0.101063301,0.46031746,0.714285714
3.34321E-4,54.257446778,0.572679071,0.100367684,0.46031746,0.714285714
3.3515E-4,54.525297084,0.573284983,0.099572692,0.476190476,0.714285714
3.3556E-4,54.760073668,0.573584435,0.098877074,0.476190476,0.714285714
3.36447E-4,55.028900065,0.57423011,0.098082083,0.476190476,0.714285714
3.37388E-4,55.264779733,0.574912595,0.097386465,0.476190476,0.714285714
3.39863E-4,55.501896246,0.576697892,0.096690848,0.476190476,0.714285714
3.40855E-4,55.774207947,0.577409285,0.095895856,0.476190476,0.714285714
3.41659E-4,56.013146942,0.577983933,0.095200238,0.476190476,0.714285714
3.43256E-4,56.252798322,0.579121246,0.094504621,0.476190476,0.714285714
3.45348E-4,56.528550622,0.580601504,0.093709629,0.476190476,0.714285714
3.46244E-4,56.770667116,0.581232111,0.093014012,0.476190476,0.714285714
3.47286E-4,57.013547536,0.581963589,0.092318394,0.476190476,0.714285714
3.48644E-4,57.257278476,0.582912627,0.091622777,0.476190476,0.714285714
3.49796E-4,57.501854803,0.583714483,0.090927159,0.476190476,0.714285714
3.50461E-4,57.781953636,0.584176039,0.090132167,0.476190476,0.714285714
3.52462E-4,58.028140348,0.585558194,0.08943655,0.476190476,0.714285714
3.53152E-4,58.275083546,0.58603248,0.088740932,0.476190476,0.714285714
3.54169E-4,58.522721632,0.586730111,0.088045315,0.476190476,0.714285714
3.55217E-4,58.771135693,0.587446578,0.087349697,0.476190476,0.714285714
3.5594E-4,59.020145016,0.587938675,0.086654079,0.476190476,0.714285714
3.57901E-4,59.270050957,0.589269583,0.085958462,0.476190476,0.714285714
3.59653E-4,59.521384146,0.590450878,0.085262844,0.476190476,0.714285714
3.60909E-4,59.773699648,0.591293756,0.084567226,0.476190476,0.714285714
3.61805E-4,60.026700459,0.591892783,0.083871609,0.476190476,0.714285714
3.62708E-4,60.28033332,0.592494537,0.083175991,0.476190476,0.714285714
3.64741E-4,60.53525246,0.593843234,0.082480374,0.476190476,0.714285714
3.66157E-4,60.754616839,0.594777783,0.08188413,0.476190476,0.714285714
3.67873E-4,61.011680062,0.595903892,0.081188512,0.507936508,0.714285714
3.69426E-4,61.269652215,0.596918351,0.080492895,0.507936508,0.714285714
3.70161E-4,61.528566213,0.597396314,0.079797277,0.507936508,0.714285714
3.70943E-4,61.750837666,0.597903923,0.079201033,0.507936508,0.714285714
3.72594E-4,62.011049357,0.598970733,0.078505416,0.507936508,0.714285714
3.74881E-4,62.273054339,0.600439714,0.077809798,0.507936508,0.714285714
3.769E-4,62.536099059,0.601727522,0.077114181,0.507936508,0.714285714
3.77787E-4,62.762555082,0.602291202,0.076517937,0.507936508,0.714285714
3.7898E-4,63.027438824,0.603045745,0.075822319,0.507936508,0.714285714
3.80019E-4,63.255136615,0.603701106,0.075226076,0.507936508,0.714285714
3.80408E-4,63.521282791,0.603945702,0.074530458,0.523809524,0.714285714
3.81051E-4,63.78778336,0.604349848,0.073834841,0.523809524,0.714285714
3.81788E-4,64.016721062,0.604811711,0.073238597,0.523809524,0.714285714
3.83258E-4,64.284455723,0.605730147,0.072542979,0.53968254,0.714285714
3.84028E-4,64.51463191,0.606209256,0.071946736,0.53968254,0.714285714
3.85982E-4,64.784290575,0.607419844,0.071251118,0.53968254,0.714285714
3.86869E-4,65.016068584,0.607967442,0.070654874,0.53968254,0.714285714
3.88089E-4,65.287255261,0.608717692,0.069959257,0.53968254,0.714285714
3.90584E-4,65.521266371,0.610242649,0.069363013,0.53968254,0.714285714
3.91363E-4,65.755882725,0.610716791,0.068766769,0.555555556,0.714285714
3.92658E-4,66.030349082,0.611501777,0.068071152,0.555555556,0.714285714
3.94264E-4,66.266466555,0.612470971,0.067474908,0.571428571,0.714285714
3.95797E-4,66.503449141,0.613391347,0.066878664,0.571428571,0.714285714
3.9759E-4,66.781236106,0.614462898,0.066183047,0.571428571,0.714285714
3.99129E-4,67.020266265,0.6153774,0.065586803,0.571428571,0.714285714
4.002E-4,67.260140043,0.616011672,0.064990559,0.571428571,0.714285714
4.02246E-4,67.500837783,0.617217255,0.064394316,0.571428571,0.714285714
4.03603E-4,67.782949113,0.618012554,0.063698698,0.571428571,0.714285714
4.05732E-4,68.026070592,0.61925395,0.063102455,0.603174603,0.714285714
4.06721E-4,68.269894957,0.619827535,0.062506211,0.603174603,0.714285714
4.08065E-4,68.51432139,0.620604582,0.061909967,0.603174603,0.714285714
4.09869E-4,68.759762029,0.621642771,0.061313724,0.603174603,0.714285714
4.10771E-4,69.005991752,0.622159738,0.06071748,0.603174603,0.714285714
4.12174E-4,69.252848884,0.622961137,0.060121236,0.603174603,0.714285714
4.13043E-4,69.500376382,0.623455409,0.059524993,0.603174603,0.714285714
4.14393E-4,69.79005249,0.624221088,0.058829375,0.603174603,0.714285714
4.15206E-4,70.039005732,0.624681041,0.058233131,0.619047619,0.714285714
4.16398E-4,70.28854257,0.625352933,0.057636888,0.619047619,0.714285714
4.16969E-4,70.538556496,0.625673889,0.057040644,0.619047619,0.714285714
4.18441E-4,70.789432067,0.626498609,0.0564444,0.619047619,0.714285714
4.19231E-4,71.040823339,0.626939755,0.055848157,0.619047619,0.714285714
4.20224E-4,71.250712049,0.627493278,0.055351287,0.619047619,0.714285714
4.21032E-4,71.503061629,0.627941871,0.054755043,0.619047619,0.714285714
4.22782E-4,71.756225372,0.628910698,0.0541588,0.619047619,0.714285714
4.2373E-4,72.010347882,0.629433342,0.053562556,0.619047619,0.714285714
4.25047E-4,72.265084223,0.6301567,0.052966312,0.619047619,0.714285714
4.26444E-4,72.520766686,0.630920988,0.052370069,0.619047619,0.857142857
4.27286E-4,72.776865211,0.631380257,0.051773825,0.619047619,0.857142857
4.28663E-4,73.033624482,0.632128862,0.051177581,0.619047619,0.857142857
4.29973E-4,73.29137523,0.632838211,0.050581338,0.650793651,0.857142857
4.30565E-4,73.506524752,0.633157588,0.050084468,0.650793651,0.857142857
4.31101E-4,73.765094296,0.63344666,0.049488224,0.650793651,0.857142857
4.32021E-4,74.024022241,0.633941755,0.048891981,0.650793651,0.857142857
4.34339E-4,74.284031383,0.635182359,0.048295737,0.650793651,0.857142857
4.34968E-4,74.501427675,0.635517594,0.047798867,0.650793651,0.857142857
4.35909E-4,74.762742295,0.636018097,0.047202623,0.650793651,0.857142857
4.37367E-4,75.024870499,0.636790936,0.04660638,0.650793651,0.857142857
4.38413E-4,75.287683662,0.63734285,0.046010136,0.650793651,0.857142857
4.3989E-4,75.507310454,0.638120078,0.045513266,0.666666667,0.857142857
4.41281E-4,75.771904246,0.638849043,0.044917023,0.666666667,0.857142857
4.42581E-4,76.037004748,0.639527328,0.044320779,0.666666667,0.857142857
4.4348E-4,76.258693502,0.639995031,0.043823909,0.682539683,0.857142857
4.45301E-4,76.525458271,0.640938623,0.043227666,0.682539683,0.857142857
4.46083E-4,76.792887232,0.641342337,0.042631422,0.682539683,0.857142857
4.47979E-4,77.015595298,0.642317422,0.042134552,0.682539683,0.857142857
4.49848E-4,77.285881906,0.64327328,0.041538309,0.682539683,1
4.51798E-4,77.511468272,0.644265275,0.041041439,0.682539683,1
4.52368E-4,77.782702098,0.644553903,0.040445195,0.698412698,1
4.53903E-4,78.00947005,0.645329912,0.039948326,0.698412698,1
4.56535E-4,78.282531344,0.646651958,0.039352082,0.698412698,1
4.57292E-4,78.511032103,0.647030592,0.038855212,0.698412698,1
4.58227E-4,78.78565957,0.647496664,0.038258968,0.714285714,1
4.60324E-4,79.015318827,0.64853829,0.037762099,0.714285714,1
4.6084E-4,79.291684539,0.648793391,0.037165855,0.714285714,1
4.62371E-4,79.522773942,0.649548873,0.036668985,0.714285714,1
4.63673E-4,79.754333351,0.650188675,0.036172116,0.714285714,1
4.64562E-4,80.032868184,0.650624199,0.035575872,0.714285714,1
4.66197E-4,80.265637909,0.651422422,0.035079002,0.714285714,1
4.67922E-4,80.545826936,0.652260812,0.034482759,0.714285714,1
4.69898E-4,80.780359104,0.653215886,0.033985889,0.714285714,1
4.71196E-4,81.015614766,0.65384037,0.033489019,0.714285714,1
4.72674E-4,81.251650559,0.654548862,0.032992149,0.714285714,1
4.73702E-4,81.535642765,0.655039935,0.032395906,0.714285714,1
4.7592E-4,81.773108973,0.656094614,0.031899036,0.73015873,1
4.78425E-4,82.011825004,0.657278363,0.031402166,0.73015873,1
4.80511E-4,82.251805236,0.658257605,0.030905297,0.73015873,1
4.83124E-4,82.541039319,0.659476563,0.030309053,0.73015873,1
4.84939E-4,82.783367504,0.660318323,0.029812183,0.73015873,1
4.86744E-4,83.026427085,0.661150821,0.029315314,0.746031746,1
4.87353E-4,83.269989109,0.661431309,0.028818444,0.746031746,1
4.89304E-4,83.514276439,0.662325075,0.028321574,0.746031746,1
4.90013E-4,83.759128701,0.662649092,0.027824704,0.746031746,1
4.93171E-4,84.004872913,0.664083552,0.027327835,0.761904762,1
4.94087E-4,84.251802402,0.664497593,0.026830965,0.761904762,1
4.9809E-4,84.549624216,0.666293905,0.026234721,0.761904762,1
5.00612E-4,84.799604064,0.667416152,0.025737852,0.761904762,1
5.0242E-4,85.050224393,0.668215576,0.025240982,0.761904762,1
5.03591E-4,85.251542038,0.668731637,0.024843486,0.777777778,1
5.0559E-4,85.503973562,0.669608612,0.024346616,0.777777778,1
5.07939E-4,85.757652948,0.670633359,0.023849747,0.793650794,1
5.11035E-4,86.012582698,0.671974218,0.023352877,0.793650794,1
5.12933E-4,86.268736534,0.672790728,0.022856007,0.793650794,1
5.17122E-4,86.526324476,0.674578775,0.022359137,0.793650794,1
5.18404E-4,86.785322789,0.675122318,0.021862268,0.793650794,1
5.19951E-4,87.04499163,0.675775478,0.021365398,0.793650794,1
5.21464E-4,87.2532301,0.676411686,0.020967902,0.793650794,1
5.24075E-4,87.514845482,0.677504081,0.020471032,0.80952381,1
5.26423E-4,87.777705033,0.678480026,0.019974163,0.825396825,1
5.31868E-4,88.042868248,0.680720651,0.019477293,0.825396825,1
5.33881E-4,88.25610447,0.681540854,0.019079797,0.825396825,1
5.36357E-4,88.523756313,0.682544408,0.018582928,0.825396825,1
5.39335E-4,88.793008873,0.683742777,0.018086058,0.841269841,1
5.42017E-4,89.009333005,0.684814558,0.017688562,0.841269841,1
5.45461E-4,89.281045981,0.686179954,0.017191692,0.841269841,1
5.46931E-4,89.554223245,0.686759398,0.016694823,0.841269841,1
5.51378E-4,89.774119409,0.688498844,0.016297327,0.841269841,1
5.53376E-4,90.050478225,0.68927391,0.015800457,0.841269841,1
5.5619E-4,90.272942132,0.690359352,0.015402961,0.857142857,1
5.58964E-4,90.551719503,0.69142185,0.014906092,0.857142857,1
5.6086E-4,90.775750753,0.692143901,0.014508596,0.857142857,1
5.62025E-4,91.000504058,0.692585893,0.0141111,0.857142857,1
5.68727E-4,91.283652797,0.695103787,0.01361423,0.873015873,1
5.71395E-4,91.511896928,0.696095034,0.013216735,0.873015873,1
5.74034E-4,91.798455849,0.697068785,0.012719865,0.888888889,1
5.76484E-4,92.028665574,0.697967455,0.012322369,0.888888889,1
5.79006E-4,92.259792979,0.698886826,0.011924873,0.888888889,1
5.83555E-4,92.550996179,0.700530951,0.011428004,0.904761905,1
5.88387E-4,92.785785862,0.702258331,0.011030508,0.904761905,1
5.91345E-4,93.02172037,0.703305707,0.010633012,0.920634921,1
5.98284E-4,93.2606142,0.705734174,0.010235516,0.920634921,1
6.01225E-4,93.500783622,0.706751678,0.00983802,0.920634921,1
6.03368E-4,93.802057753,0.707488257,0.009341151,0.920634921,1
6.07438E-4,94.04451038,0.708877793,0.008943655,0.920634921,1
6.10363E-4,94.287918497,0.709868002,0.008546159,0.920634921,1
6.13363E-4,94.532920899,0.710877013,0.008148663,0.920634921,1
6.15756E-4,94.778932947,0.711676471,0.007751168,0.936507937,1
6.19491E-4,95.025975088,0.712915857,0.007353672,0.936507937,1
6.20311E-4,95.274009035,0.713186448,0.006956176,0.936507937,1
6.23639E-4,95.522911749,0.714279622,0.00655868,0.936507937,1
6.28373E-4,95.773534339,0.71582049,0.006161185,0.936507937,1
6.36379E-4,96.02713037,0.718388915,0.005763689,0.936507937,1
6.38487E-4,96.282199603,0.719057471,0.005366193,0.936507937,1
6.40811E-4,96.538076916,0.719790896,0.004968697,0.936507937,1
6.45162E-4,96.796051153,0.721153644,0.004571201,0.936507937,1
6.50553E-4,97.055505997,0.72282375,0.004173706,0.936507937,1
6.56565E-4,97.251778305,0.724663129,0.003875584,0.936507937,1
6.61899E-4,97.515483257,0.726274629,0.003478088,0.936507937,1
6.70571E-4,97.78249392,0.728854471,0.003080592,0.936507937,1
6.89671E-4,98.056653309,0.734369143,0.002683096,0.936507937,1
6.99083E-4,98.265750481,0.73700494,0.002384975,0.936507937,1
7.04699E-4,98.546942222,0.738552865,0.001987479,0.952380952,1
7.08937E-4,98.75904485,0.739708946,0.001689357,0.968253968,1
7.20729E-4,99.045566193,0.742872443,0.001291861,0.968253968,1
7.48739E-4,99.267104858,0.750087698,0.000993739,0.968253968,1
7.84591E-4,99.501191745,0.758752403,0.000695618,0.968253968,1
8.06922E-4,99.818788286,0.763852175,0.000298122,0.984126984,1
9.71985E-4,100,0.795764525,0.000099374,1,1
